Category,Product Name,Weight (kg),Price (Pesos)
Babies & Kids,Nestlé Cerelac,29.95,236.57
Babies & Kids,Nestlé Cerelac 2,8.99,1714.29
Babies & Kids,EQ Diapers,16.62,2639.57
Babies & Kids,Johnson’s Baby Powder,28.41,1235.2
Babies & Kids,Johnson’s Baby Powder 2,16.15,3260.04
Babies & Kids,EQ Diapers 2,36.17,3202.11
Babies & Kids,Johnson’s Baby Powder 3,3.54,1713.64
Babies & Kids,Nestlé Cerelac 3,32.14,1729.01
Babies & Kids,Nestlé Cerelac 4,42.65,2253.52
Babies & Kids,EQ Diapers 3,7.63,262.39
Babies & Kids,Johnson’s Baby Powder 4,27.29,2748.83
Babies & Kids,Nestlé Cerelac 5,46.39,4394.26
Babies & Kids,EQ Diapers 4,9.76,374.81
Babies & Kids,Johnson’s Baby Powder 5,3.5,3864.33
Babies & Kids,Nestlé Cerelac 6,1.5,660.53
Babies & Kids,Nestlé Cerelac 7,41.09,746.65
Babies & Kids,Johnson’s Baby Powder 6,27.54,1916.9
Babies & Kids,Nestlé Cerelac 8,28.78,168.95
Babies & Kids,Nestlé Cerelac 9,22.44,4951.33
Babies & Kids,Nestlé Cerelac 10,31.27,1802.97
Babies & Kids,EQ Diapers 5,34.54,2003.85
Babies & Kids,Nestlé Cerelac 11,23.85,2669.53
Babies & Kids,Nestlé Cerelac 12,38.47,1372.66
Babies & Kids,EQ Diapers 6,16.98,2057.59
Babies & Kids,EQ Diapers 7,45.9,2959.9
Babies & Kids,Johnson’s Baby Powder 7,46.19,1177.83
Babies & Kids,Johnson’s Baby Powder 8,19.66,1823.34
Babies & Kids,EQ Diapers 8,37.94,2710.71
Babies & Kids,Nestlé Cerelac 13,32.15,4471.23
Babies & Kids,Johnson’s Baby Powder 9,28.71,2088.45
Babies & Kids,Nestlé Cerelac 14,1.7,4247.27
Babies & Kids,EQ Diapers 9,35.88,956.96
Babies & Kids,EQ Diapers 10,41.03,1168.2
Babies & Kids,Nestlé Cerelac 15,34.83,3684.3
Babies & Kids,Johnson’s Baby Powder 10,42.71,4831.35
Babies & Kids,Johnson’s Baby Powder 11,1.73,4397.79
Babies & Kids,EQ Diapers 11,24.87,3364.82
Babies & Kids,EQ Diapers 12,13.38,3313.38
Babies & Kids,Nestlé Cerelac 16,0.97,3865.67
Babies & Kids,Johnson’s Baby Powder 12,36.86,2207.41
Babies & Kids,Nestlé Cerelac 17,31.44,2903.48
Babies & Kids,Johnson’s Baby Powder 13,28.52,1864.56
Babies & Kids,EQ Diapers 13,24.32,371.02
Babies & Kids,EQ Diapers 14,18.65,617.05
Babies & Kids,EQ Diapers 15,9.23,1329.98
Babies & Kids,Johnson’s Baby Powder 14,19.46,1757.98
Babies & Kids,EQ Diapers 16,47.35,80.4
Bakery,Marby Spanish Bread,8.88,4460.66
Bakery,Marby Spanish Bread 2,40.73,4504.78
Bakery,Goldilocks Ensaymada,6.39,1396.93
Bakery,Goldilocks Ensaymada 2,48.98,865.22
Bakery,Marby Spanish Bread 3,19.9,3870.41
Bakery,Marby Spanish Bread 4,31.03,273.22
Bakery,Marby Spanish Bread 5,31.56,2708.98
Bakery,Goldilocks Ensaymada 3,40.47,353.26
Bakery,Goldilocks Ensaymada 4,4.79,2396.82
Bakery,Gardenia Classic White Bread,37.92,2976.6
Bakery,Goldilocks Ensaymada 5,33.21,413.14
Bakery,Goldilocks Ensaymada 6,40.87,2512.65
Bakery,Goldilocks Ensaymada 7,8.28,863.24
Bakery,Gardenia Classic White Bread 2,48.73,1036.21
Bakery,Gardenia Classic White Bread 3,19.23,870.6
Bakery,Gardenia Classic White Bread 4,31.5,789.39
Bakery,Goldilocks Ensaymada 8,27.66,1796.26
Bakery,Gardenia Classic White Bread 5,31.92,4362.81
Bakery,Gardenia Classic White Bread 6,38.77,4878.16
Bakery,Gardenia Classic White Bread 7,30.07,4991.11
Bakery,Marby Spanish Bread 6,26.23,2948.03
Bakery,Marby Spanish Bread 7,38.32,1303.47
Bakery,Marby Spanish Bread 8,1.99,4676.44
Bakery,Gardenia Classic White Bread 8,19.02,1302.64
Bakery,Gardenia Classic White Bread 9,7.58,2589.85
Bakery,Goldilocks Ensaymada 9,6.05,2840.31
Bakery,Goldilocks Ensaymada 10,17.46,795.59
Bakery,Gardenia Classic White Bread 10,28.7,299.95
Bakery,Goldilocks Ensaymada 11,39.44,2824.71
Bakery,Gardenia Classic White Bread 11,40.89,677.21
Bakery,Marby Spanish Bread 9,40.83,1946.91
Bakery,Marby Spanish Bread 10,24.79,4870.95
Bakery,Marby Spanish Bread 11,17.67,2215.77
Bakery,Marby Spanish Bread 12,1.26,3848.65
Bakery,Goldilocks Ensaymada 12,7.68,3699.11
Bakery,Goldilocks Ensaymada 13,35.12,2823.16
Bakery,Gardenia Classic White Bread 12,41.46,2911.74
Bakery,Marby Spanish Bread 13,7.67,1022.31
Bakery,Goldilocks Ensaymada 14,2.36,2766.42
Bakery,Marby Spanish Bread 14,38.45,504.24
Bakery,Gardenia Classic White Bread 13,25.64,3625.95
Bakery,Marby Spanish Bread 15,15.15,2663.77
Bakery,Gardenia Classic White Bread 14,45.07,3637.77
Bakery,Goldilocks Ensaymada 15,5.95,3317.45
Bakery,Marby Spanish Bread 16,9.17,4618.58
Bakery,Marby Spanish Bread 17,27.24,3525.42
Bakery,Marby Spanish Bread 18,18.88,4792.52
Bakery,Goldilocks Ensaymada 16,30.63,4131.45
Bakery,Marby Spanish Bread 19,1.1,3443.58
Bakery,Marby Spanish Bread 20,11.23,3270.25
Bakery,Goldilocks Ensaymada 17,24.53,3534.98
Bakery,Marby Spanish Bread 21,38.0,1382.64
Bakery,Marby Spanish Bread 22,11.27,3739.62
Bakery,Gardenia Classic White Bread 15,40.3,1367.64
Bakery,Gardenia Classic White Bread 16,20.6,687.89
Bakery,Goldilocks Ensaymada 18,11.87,1952.01
Bakery,Goldilocks Ensaymada 19,37.04,551.72
Bakery,Gardenia Classic White Bread 17,16.08,3792.67
Bakery,Marby Spanish Bread 23,22.76,3953.32
Bakery,Marby Spanish Bread 24,28.84,1577.84
Bakery,Gardenia Classic White Bread 18,41.4,3725.99
Bakery,Goldilocks Ensaymada 20,15.71,3176.66
Bakery,Goldilocks Ensaymada 21,22.24,3348.01
Bakery,Gardenia Classic White Bread 19,48.48,4995.66
Bakery,Goldilocks Ensaymada 22,23.53,833.94
Bakery,Gardenia Classic White Bread 20,24.24,2290.1
Bakery,Goldilocks Ensaymada 23,49.15,650.37
Bakery,Marby Spanish Bread 25,23.68,146.87
Bakery,Gardenia Classic White Bread 21,25.96,609.48
Bakery,Gardenia Classic White Bread 22,0.98,4948.89
Bakery,Marby Spanish Bread 26,37.95,1099.55
Bakery,Marby Spanish Bread 27,43.32,3398.45
Bakery,Marby Spanish Bread 28,7.26,3045.27
Bakery,Goldilocks Ensaymada 24,33.75,2023.99
Bakery,Gardenia Classic White Bread 23,3.96,4209.76
Bakery,Goldilocks Ensaymada 25,9.72,3565.06
Bakery,Marby Spanish Bread 29,32.39,3261.98
Bakery,Marby Spanish Bread 30,9.3,4574.04
Bakery,Gardenia Classic White Bread 24,25.31,1288.08
Beverage,Great Taste Coffee,38.29,908.95
Beverage,Great Taste Coffee 2,37.38,3888.77
Beverage,Milo Chocolate Drink,41.85,1485.74
Beverage,Cobra Energy Drink,7.1,1754.15
Beverage,Cobra Energy Drink 2,36.18,4517.0
Beverage,Cobra Energy Drink 3,19.35,2475.03
Beverage,Milo Chocolate Drink 2,39.89,2787.85
Beverage,Great Taste Coffee 3,5.73,2485.53
Beverage,Great Taste Coffee 4,45.01,1299.75
Beverage,Milo Chocolate Drink 3,34.18,4489.22
Beverage,Great Taste Coffee 5,41.39,2239.93
Beverage,Great Taste Coffee 6,42.18,4082.55
Beverage,Great Taste Coffee 7,2.44,3004.95
Beverage,Cobra Energy Drink 4,45.02,3785.31
Beverage,Cobra Energy Drink 5,5.41,2990.01
Beverage,Cobra Energy Drink 6,14.34,872.12
Beverage,Milo Chocolate Drink 4,29.64,1913.06
Beverage,Cobra Energy Drink 7,25.24,4229.46
Beverage,Great Taste Coffee 8,33.14,2775.26
Beverage,Cobra Energy Drink 8,5.11,1502.28
Beverage,Cobra Energy Drink 9,12.04,1030.43
Beverage,Cobra Energy Drink 10,17.45,1529.21
Beverage,Cobra Energy Drink 11,0.54,3061.17
Beverage,Great Taste Coffee 9,1.39,2871.76
Beverage,Cobra Energy Drink 12,14.24,1039.09
Beverage,Cobra Energy Drink 13,22.14,2178.46
Beverage,Great Taste Coffee 10,13.14,2761.43
Beverage,Great Taste Coffee 11,36.12,4161.0
Beverage,Cobra Energy Drink 14,32.46,3689.68
Beverage,Great Taste Coffee 12,2.85,4043.6
Beverage,Cobra Energy Drink 15,30.63,4365.75
Beverage,Cobra Energy Drink 16,14.71,1032.1
Beverage,Milo Chocolate Drink 5,35.28,1667.53
Beverage,Cobra Energy Drink 17,40.21,1287.87
Beverage,Milo Chocolate Drink 6,18.62,4298.13
Beverage,Cobra Energy Drink 18,39.48,657.01
Beverage,Cobra Energy Drink 19,47.16,2880.15
Beverage,Great Taste Coffee 13,2.37,4593.61
Beverage,Milo Chocolate Drink 7,25.4,1471.45
Beverage,Great Taste Coffee 14,24.71,4464.63
Beverage,Great Taste Coffee 15,17.12,205.7
Beverage,Cobra Energy Drink 20,15.89,2570.21
Beverage,Cobra Energy Drink 21,4.05,4797.43
Beverage,Milo Chocolate Drink 8,46.08,2680.85
Beverage,Cobra Energy Drink 22,48.88,2623.22
Beverage,Cobra Energy Drink 23,22.69,2472.83
Beverage,Milo Chocolate Drink 9,42.02,3315.08
Beverage,Great Taste Coffee 16,44.71,604.45
Beverage,Milo Chocolate Drink 10,26.26,1564.72
Beverage,Milo Chocolate Drink 11,47.25,3325.5
Beverage,Milo Chocolate Drink 12,17.36,3498.97
Beverage,Great Taste Coffee 17,1.42,2824.88
Chilled & Dairy Items,Nestlé Fresh Milk,21.87,1726.07
Chilled & Dairy Items,Nestlé Fresh Milk 2,5.4,3671.08
Chilled & Dairy Items,Alaska Evaporada,26.67,2060.4
Chilled & Dairy Items,Alaska Evaporada 2,7.66,4404.97
Chilled & Dairy Items,Magnolia Cheezee,6.94,3534.96
Chilled & Dairy Items,Alaska Evaporada 3,40.33,3210.74
Chilled & Dairy Items,Nestlé Fresh Milk 3,8.82,1010.09
Chilled & Dairy Items,Alaska Evaporada 4,3.61,3860.31
Chilled & Dairy Items,Alaska Evaporada 5,26.21,1939.22
Chilled & Dairy Items,Alaska Evaporada 6,42.21,2231.55
Chilled & Dairy Items,Nestlé Fresh Milk 4,42.79,257.35
Chilled & Dairy Items,Alaska Evaporada 7,31.45,651.48
Chilled & Dairy Items,Nestlé Fresh Milk 5,13.05,345.27
Chilled & Dairy Items,Nestlé Fresh Milk 6,44.74,2270.36
Chilled & Dairy Items,Nestlé Fresh Milk 7,30.25,2889.0
Chilled & Dairy Items,Nestlé Fresh Milk 8,32.34,4176.46
Chilled & Dairy Items,Alaska Evaporada 8,14.87,2761.9
Chilled & Dairy Items,Nestlé Fresh Milk 9,45.45,284.5
Chilled & Dairy Items,Magnolia Cheezee 2,29.18,1011.57
Chilled & Dairy Items,Nestlé Fresh Milk 10,44.59,1141.07
Chilled & Dairy Items,Nestlé Fresh Milk 11,36.6,2064.09
Chilled & Dairy Items,Nestlé Fresh Milk 12,6.25,284.26
Chilled & Dairy Items,Alaska Evaporada 9,29.25,3371.78
Chilled & Dairy Items,Alaska Evaporada 10,9.22,4583.04
Chilled & Dairy Items,Nestlé Fresh Milk 13,37.52,2326.29
Chilled & Dairy Items,Nestlé Fresh Milk 14,17.83,1291.95
Chilled & Dairy Items,Magnolia Cheezee 3,4.44,819.73
Chilled & Dairy Items,Alaska Evaporada 11,49.45,266.26
Chilled & Dairy Items,Nestlé Fresh Milk 15,27.08,441.69
Chilled & Dairy Items,Magnolia Cheezee 4,3.52,4126.64
Chilled & Dairy Items,Magnolia Cheezee 5,43.02,3125.17
Chilled & Dairy Items,Alaska Evaporada 12,18.42,1878.34
Chilled & Dairy Items,Magnolia Cheezee 6,8.11,4206.99
Chilled & Dairy Items,Nestlé Fresh Milk 16,2.67,2078.13
Chilled & Dairy Items,Alaska Evaporada 13,19.09,4738.8
Chilled & Dairy Items,Alaska Evaporada 14,5.73,882.87
Chilled & Dairy Items,Nestlé Fresh Milk 17,43.12,960.39
Chilled & Dairy Items,Magnolia Cheezee 7,48.31,4537.96
Chilled & Dairy Items,Alaska Evaporada 15,28.58,1631.74
Chilled & Dairy Items,Nestlé Fresh Milk 18,16.15,4157.62
Chilled & Dairy Items,Alaska Evaporada 16,41.15,3935.42
Chilled & Dairy Items,Nestlé Fresh Milk 19,23.68,1365.6
Chilled & Dairy Items,Nestlé Fresh Milk 20,38.45,3935.28
Chilled & Dairy Items,Alaska Evaporada 17,32.48,4674.92
Chilled & Dairy Items,Magnolia Cheezee 8,33.76,1436.38
Chilled & Dairy Items,Alaska Evaporada 18,29.97,3011.65
Chilled & Dairy Items,Nestlé Fresh Milk 21,43.72,1678.97
Chilled & Dairy Items,Alaska Evaporada 19,5.37,2524.31
Chilled & Dairy Items,Nestlé Fresh Milk 22,2.88,689.21
Chilled & Dairy Items,Magnolia Cheezee 9,29.71,4523.94
Chilled & Dairy Items,Alaska Evaporada 20,6.97,3794.95
Chilled & Dairy Items,Nestlé Fresh Milk 23,45.99,202.55
Chilled & Dairy Items,Nestlé Fresh Milk 24,28.28,1830.16
Chilled & Dairy Items,Alaska Evaporada 21,23.41,940.4
DIY/Hardware,Bosny Spray Paint,27.83,1713.05
DIY/Hardware,Lotus Electrical Tape,18.0,1148.73
DIY/Hardware,Lotus Electrical Tape 2,1.25,1163.08
DIY/Hardware,Mighty Bond Glue,37.36,1655.36
DIY/Hardware,Bosny Spray Paint 2,38.38,2348.76
DIY/Hardware,Lotus Electrical Tape 3,26.64,4478.78
DIY/Hardware,Lotus Electrical Tape 4,17.52,4765.84
DIY/Hardware,Mighty Bond Glue 2,25.83,4769.9
DIY/Hardware,Mighty Bond Glue 3,0.38,3919.63
DIY/Hardware,Bosny Spray Paint 3,44.23,200.89
DIY/Hardware,Bosny Spray Paint 4,42.42,3559.37
DIY/Hardware,Lotus Electrical Tape 5,9.43,4409.13
DIY/Hardware,Mighty Bond Glue 4,23.77,2902.81
DIY/Hardware,Lotus Electrical Tape 6,48.17,2241.43
DIY/Hardware,Mighty Bond Glue 5,48.03,1054.06
DIY/Hardware,Mighty Bond Glue 6,20.31,4472.59
DIY/Hardware,Lotus Electrical Tape 7,43.79,3204.54
DIY/Hardware,Bosny Spray Paint 5,17.35,1366.24
DIY/Hardware,Lotus Electrical Tape 8,29.62,3991.03
DIY/Hardware,Bosny Spray Paint 6,19.84,4815.01
DIY/Hardware,Bosny Spray Paint 7,43.18,3801.23
DIY/Hardware,Lotus Electrical Tape 9,40.63,1330.83
DIY/Hardware,Mighty Bond Glue 7,45.04,3761.88
DIY/Hardware,Bosny Spray Paint 8,17.7,620.55
DIY/Hardware,Lotus Electrical Tape 10,38.46,4590.48
DIY/Hardware,Mighty Bond Glue 8,7.2,4420.51
DIY/Hardware,Bosny Spray Paint 9,2.98,827.12
DIY/Hardware,Lotus Electrical Tape 11,28.05,3395.33
DIY/Hardware,Mighty Bond Glue 9,43.24,1042.88
DIY/Hardware,Bosny Spray Paint 10,18.31,2656.4
DIY/Hardware,Lotus Electrical Tape 12,0.39,1009.1
DIY/Hardware,Bosny Spray Paint 11,2.04,1734.15
DIY/Hardware,Mighty Bond Glue 10,2.53,1354.81
DIY/Hardware,Mighty Bond Glue 11,9.65,4837.93
DIY/Hardware,Mighty Bond Glue 12,42.68,4712.16
DIY/Hardware,Lotus Electrical Tape 13,28.81,2031.99
DIY/Hardware,Mighty Bond Glue 13,44.26,3851.75
DIY/Hardware,Mighty Bond Glue 14,16.43,3722.0
DIY/Hardware,Bosny Spray Paint 12,9.21,1390.32
DIY/Hardware,Lotus Electrical Tape 14,43.17,710.23
DIY/Hardware,Mighty Bond Glue 15,4.03,4725.44
DIY/Hardware,Lotus Electrical Tape 15,19.95,1923.26
DIY/Hardware,Mighty Bond Glue 16,19.92,2114.26
DIY/Hardware,Lotus Electrical Tape 16,7.08,1582.99
DIY/Hardware,Bosny Spray Paint 13,49.84,3472.06
DIY/Hardware,Bosny Spray Paint 14,44.95,3144.73
DIY/Hardware,Mighty Bond Glue 17,13.01,3130.52
DIY/Hardware,Bosny Spray Paint 15,42.74,1841.7
DIY/Hardware,Lotus Electrical Tape 17,13.78,913.08
DIY/Hardware,Lotus Electrical Tape 18,25.37,558.39
DIY/Hardware,Mighty Bond Glue 18,10.01,2500.66
DIY/Hardware,Mighty Bond Glue 19,29.29,4222.11
DIY/Hardware,Mighty Bond Glue 20,2.53,3240.3
DIY/Hardware,Bosny Spray Paint 16,18.49,3055.67
DIY/Hardware,Lotus Electrical Tape 19,9.92,3084.17
DIY/Hardware,Bosny Spray Paint 17,47.24,2161.34
DIY/Hardware,Lotus Electrical Tape 20,33.3,1043.85
DIY/Hardware,Mighty Bond Glue 21,33.52,1170.52
DIY/Hardware,Lotus Electrical Tape 21,14.26,4832.85
DIY/Hardware,Mighty Bond Glue 22,28.58,3088.17
Fresh Meat & Seafood,Monterey Pork,12.71,4930.04
Fresh Meat & Seafood,Monterey Pork 2,1.39,1676.6
Fresh Meat & Seafood,Monterey Pork 3,46.64,2487.65
Fresh Meat & Seafood,Magnolia Chicken,26.2,3277.46
Fresh Meat & Seafood,Monterey Pork 4,39.49,4264.51
Fresh Meat & Seafood,Monterey Pork 5,2.69,4491.99
Fresh Meat & Seafood,Magnolia Chicken 2,36.32,2369.58
Fresh Meat & Seafood,Seaking Bangus,14.54,2607.07
Fresh Meat & Seafood,Monterey Pork 6,13.2,644.54
Fresh Meat & Seafood,Magnolia Chicken 3,42.14,2271.43
Fresh Meat & Seafood,Seaking Bangus 2,33.29,3687.41
Fresh Meat & Seafood,Monterey Pork 7,5.61,296.2
Fresh Meat & Seafood,Seaking Bangus 3,46.06,1945.15
Fresh Meat & Seafood,Monterey Pork 8,8.41,159.74
Fresh Meat & Seafood,Seaking Bangus 4,34.14,4055.41
Fresh Meat & Seafood,Seaking Bangus 5,8.12,142.02
Fresh Meat & Seafood,Seaking Bangus 6,24.97,340.72
Fresh Meat & Seafood,Monterey Pork 9,1.77,4843.08
Fresh Meat & Seafood,Seaking Bangus 7,24.24,698.15
Fresh Meat & Seafood,Magnolia Chicken 4,47.43,3454.65
Fresh Meat & Seafood,Monterey Pork 10,10.21,619.73
Fresh Meat & Seafood,Monterey Pork 11,19.69,3327.9
Fresh Meat & Seafood,Magnolia Chicken 5,29.9,2431.81
Fresh Meat & Seafood,Monterey Pork 12,37.05,3844.14
Fresh Meat & Seafood,Magnolia Chicken 6,3.45,1225.39
Fresh Meat & Seafood,Magnolia Chicken 7,6.96,1977.85
Fresh Meat & Seafood,Magnolia Chicken 8,21.08,1742.75
Fresh Meat & Seafood,Magnolia Chicken 9,28.12,3845.0
Fresh Meat & Seafood,Seaking Bangus 8,47.53,391.14
Fresh Meat & Seafood,Monterey Pork 13,21.43,2714.07
Fresh Meat & Seafood,Monterey Pork 14,35.53,3328.58
Fresh Meat & Seafood,Seaking Bangus 9,47.97,2352.46
Fresh Meat & Seafood,Magnolia Chicken 10,9.34,4589.45
Fresh Meat & Seafood,Magnolia Chicken 11,37.3,1185.79
Fresh Meat & Seafood,Magnolia Chicken 12,7.89,3283.4
Fresh Meat & Seafood,Seaking Bangus 10,44.71,2124.52
Fresh Meat & Seafood,Monterey Pork 15,24.85,4485.26
Fresh Meat & Seafood,Seaking Bangus 11,7.13,2108.89
Fresh Meat & Seafood,Monterey Pork 16,13.51,2340.96
Fresh Meat & Seafood,Magnolia Chicken 13,35.34,364.47
Fresh Meat & Seafood,Monterey Pork 17,0.42,3262.27
Fresh Meat & Seafood,Seaking Bangus 12,10.37,747.67
Fresh Meat & Seafood,Magnolia Chicken 14,20.66,2680.3
Fresh Meat & Seafood,Monterey Pork 18,42.21,1851.82
Fresh Meat & Seafood,Magnolia Chicken 15,48.94,3737.85
Fresh Meat & Seafood,Monterey Pork 19,41.53,2425.53
Fresh Meat & Seafood,Seaking Bangus 13,2.03,302.19
Fresh Meat & Seafood,Magnolia Chicken 16,33.47,4671.78
Fresh Meat & Seafood,Magnolia Chicken 17,31.93,4236.59
Fresh Meat & Seafood,Seaking Bangus 14,5.84,1609.45
Fresh Meat & Seafood,Seaking Bangus 15,25.17,4510.45
Fresh Meat & Seafood,Magnolia Chicken 18,10.74,2785.93
Fresh Meat & Seafood,Magnolia Chicken 19,14.3,4913.26
Fresh Meat & Seafood,Seaking Bangus 16,16.87,1041.08
Fresh Meat & Seafood,Seaking Bangus 17,48.65,3986.64
Fresh Meat & Seafood,Magnolia Chicken 20,18.99,3235.26
Fresh Products,Dole Pineapple,25.13,586.66
Fresh Products,Dole Pineapple 2,23.58,3514.08
Fresh Products,Dole Pineapple 3,20.46,3369.32
Fresh Products,Maya Corn,41.67,2758.22
Fresh Products,Maya Corn 2,19.2,2468.6
Fresh Products,Dizon Farms Banana,44.98,4847.12
Fresh Products,Dole Pineapple 4,46.92,63.44
Fresh Products,Dizon Farms Banana 2,27.07,519.19
Fresh Products,Dole Pineapple 5,22.72,2501.12
Fresh Products,Maya Corn 3,17.24,994.21
Fresh Products,Dole Pineapple 6,41.86,853.86
Fresh Products,Maya Corn 4,33.95,1469.38
Fresh Products,Dizon Farms Banana 3,23.68,2841.87
Fresh Products,Dizon Farms Banana 4,18.12,2298.57
Fresh Products,Dole Pineapple 7,41.36,2278.42
Fresh Products,Maya Corn 5,35.62,1837.3
Fresh Products,Maya Corn 6,46.78,2685.47
Fresh Products,Maya Corn 7,3.39,1931.37
Fresh Products,Maya Corn 8,39.96,3883.24
Fresh Products,Maya Corn 9,27.82,2812.6
Fresh Products,Dole Pineapple 8,17.88,1863.96
Fresh Products,Maya Corn 10,6.53,3807.93
Fresh Products,Dizon Farms Banana 5,33.32,1303.31
Fresh Products,Dole Pineapple 9,16.37,1351.09
Fresh Products,Maya Corn 11,6.4,4731.66
Fresh Products,Dizon Farms Banana 6,0.99,546.08
Fresh Products,Dizon Farms Banana 7,11.74,378.16
Fresh Products,Dizon Farms Banana 8,2.14,996.14
Fresh Products,Dizon Farms Banana 9,16.15,2110.76
Fresh Products,Dole Pineapple 10,21.17,3565.96
Fresh Products,Dizon Farms Banana 10,15.14,937.51
Fresh Products,Maya Corn 12,18.71,3489.41
Fresh Products,Dole Pineapple 11,33.74,3008.97
Fresh Products,Maya Corn 13,38.07,4758.0
Fresh Products,Dizon Farms Banana 11,34.12,349.32
Fresh Products,Dizon Farms Banana 12,32.94,1618.59
Fresh Products,Dole Pineapple 12,36.02,3380.61
Fresh Products,Maya Corn 14,13.71,460.06
Fresh Products,Dizon Farms Banana 13,27.59,831.19
Fresh Products,Dizon Farms Banana 14,37.19,270.98
Fresh Products,Maya Corn 15,1.83,2840.74
Fresh Products,Maya Corn 16,6.2,4126.25
Fresh Products,Dizon Farms Banana 15,18.92,1778.73
Fresh Products,Maya Corn 17,2.38,768.28
Fresh Products,Maya Corn 18,49.03,3628.76
Fresh Products,Maya Corn 19,4.06,102.61
Fresh Products,Dizon Farms Banana 16,35.23,2615.75
Fresh Products,Dizon Farms Banana 17,11.64,2448.67
Fresh Products,Dole Pineapple 13,2.72,4004.34
Fresh Products,Dizon Farms Banana 18,44.68,4451.25
Fresh Products,Maya Corn 20,48.31,1479.46
Fresh Products,Dizon Farms Banana 19,16.76,3856.39
Frozen Goods,CDO Chicken Nuggets,11.65,2415.79
Frozen Goods,Purefoods Tender Juicy Hotdog,4.9,1711.92
Frozen Goods,Century Tuna Sisig,22.4,2435.43
Frozen Goods,Century Tuna Sisig 2,20.13,172.24
Frozen Goods,Century Tuna Sisig 3,21.67,3778.92
Frozen Goods,Century Tuna Sisig 4,10.09,2670.78
Frozen Goods,Century Tuna Sisig 5,8.3,3515.79
Frozen Goods,Century Tuna Sisig 6,11.61,182.91
Frozen Goods,Century Tuna Sisig 7,9.32,1333.36
Frozen Goods,Purefoods Tender Juicy Hotdog 2,39.95,21.79
Frozen Goods,Purefoods Tender Juicy Hotdog 3,21.32,781.28
Frozen Goods,Purefoods Tender Juicy Hotdog 4,49.61,714.86
Frozen Goods,Purefoods Tender Juicy Hotdog 5,33.01,460.98
Frozen Goods,Purefoods Tender Juicy Hotdog 6,45.34,412.7
Frozen Goods,Purefoods Tender Juicy Hotdog 7,9.28,3423.81
Frozen Goods,Century Tuna Sisig 8,15.5,3205.04
Frozen Goods,Purefoods Tender Juicy Hotdog 8,5.81,1251.28
Frozen Goods,CDO Chicken Nuggets 2,32.21,1325.03
Frozen Goods,Century Tuna Sisig 9,24.32,3058.68
Frozen Goods,CDO Chicken Nuggets 3,31.05,163.4
Frozen Goods,Purefoods Tender Juicy Hotdog 9,43.26,3043.36
Frozen Goods,Purefoods Tender Juicy Hotdog 10,36.46,1924.82
Frozen Goods,Purefoods Tender Juicy Hotdog 11,24.6,1502.51
Frozen Goods,CDO Chicken Nuggets 4,42.09,833.01
Frozen Goods,CDO Chicken Nuggets 5,23.84,855.79
Frozen Goods,CDO Chicken Nuggets 6,29.54,1812.4
Frozen Goods,Century Tuna Sisig 10,24.27,2567.64
Frozen Goods,Purefoods Tender Juicy Hotdog 12,17.79,3956.36
Frozen Goods,CDO Chicken Nuggets 7,1.95,1626.56
Frozen Goods,CDO Chicken Nuggets 8,22.5,774.02
Frozen Goods,Century Tuna Sisig 11,22.62,4802.94
Frozen Goods,CDO Chicken Nuggets 9,31.97,2941.74
Frozen Goods,CDO Chicken Nuggets 10,6.77,506.86
Frozen Goods,Purefoods Tender Juicy Hotdog 13,41.93,4816.12
Frozen Goods,Purefoods Tender Juicy Hotdog 14,32.66,3249.56
Frozen Goods,Century Tuna Sisig 12,4.86,2414.64
Frozen Goods,Century Tuna Sisig 13,35.88,2873.11
Frozen Goods,Century Tuna Sisig 14,41.54,2999.13
Frozen Goods,Century Tuna Sisig 15,12.13,1885.65
Frozen Goods,Century Tuna Sisig 16,12.26,535.36
Frozen Goods,Purefoods Tender Juicy Hotdog 15,25.84,2620.76
Frozen Goods,Purefoods Tender Juicy Hotdog 16,33.73,1244.48
Frozen Goods,Century Tuna Sisig 17,42.74,2651.08
Frozen Goods,CDO Chicken Nuggets 11,4.11,3781.99
Frozen Goods,Purefoods Tender Juicy Hotdog 17,27.11,3728.52
Frozen Goods,Purefoods Tender Juicy Hotdog 18,6.08,2588.93
Frozen Goods,Century Tuna Sisig 18,48.23,1809.57
Frozen Goods,CDO Chicken Nuggets 12,43.46,224.46
Frozen Goods,CDO Chicken Nuggets 13,12.34,4134.16
Frozen Goods,Purefoods Tender Juicy Hotdog 19,31.63,2235.48
Frozen Goods,Purefoods Tender Juicy Hotdog 20,37.63,208.54
Frozen Goods,CDO Chicken Nuggets 14,11.62,1598.67
Frozen Goods,CDO Chicken Nuggets 15,48.59,3000.55
Frozen Goods,Century Tuna Sisig 19,8.07,3536.32
Frozen Goods,CDO Chicken Nuggets 16,44.42,296.25
Frozen Goods,Century Tuna Sisig 20,12.89,2904.26
Frozen Goods,Purefoods Tender Juicy Hotdog 21,39.02,507.67
Frozen Goods,Purefoods Tender Juicy Hotdog 22,9.63,3189.53
Frozen Goods,CDO Chicken Nuggets 17,38.02,630.74
Frozen Goods,Century Tuna Sisig 21,32.12,698.41
Health & Hygiene Essentials,Modess Sanitary Pads,31.23,1993.25
Health & Hygiene Essentials,Alcohol Green Cross,23.0,2805.06
Health & Hygiene Essentials,Alcohol Green Cross 2,29.58,2845.07
Health & Hygiene Essentials,Off! Insect Repellent,26.38,2386.69
Health & Hygiene Essentials,Off! Insect Repellent 2,32.35,3955.3
Health & Hygiene Essentials,Off! Insect Repellent 3,49.57,4205.79
Health & Hygiene Essentials,Alcohol Green Cross 3,28.87,4611.18
Health & Hygiene Essentials,Off! Insect Repellent 4,41.74,2944.29
Health & Hygiene Essentials,Off! Insect Repellent 5,5.56,3925.02
Health & Hygiene Essentials,Modess Sanitary Pads 2,38.22,3178.59
Health & Hygiene Essentials,Alcohol Green Cross 4,2.34,1398.32
Health & Hygiene Essentials,Modess Sanitary Pads 3,20.2,3861.52
Health & Hygiene Essentials,Modess Sanitary Pads 4,40.14,3639.4
Health & Hygiene Essentials,Alcohol Green Cross 5,48.53,2329.4
Health & Hygiene Essentials,Modess Sanitary Pads 5,19.2,2526.25
Health & Hygiene Essentials,Off! Insect Repellent 6,32.71,4589.39
Health & Hygiene Essentials,Modess Sanitary Pads 6,16.38,2029.42
Health & Hygiene Essentials,Alcohol Green Cross 6,9.42,4836.54
Health & Hygiene Essentials,Modess Sanitary Pads 7,37.86,588.96
Health & Hygiene Essentials,Off! Insect Repellent 7,41.44,3126.5
Health & Hygiene Essentials,Off! Insect Repellent 8,40.12,1330.06
Health & Hygiene Essentials,Modess Sanitary Pads 8,3.52,2264.08
Health & Hygiene Essentials,Alcohol Green Cross 7,8.31,3036.9
Health & Hygiene Essentials,Modess Sanitary Pads 9,17.5,1632.82
Health & Hygiene Essentials,Modess Sanitary Pads 10,36.68,4498.96
Health & Hygiene Essentials,Modess Sanitary Pads 11,26.14,3117.37
Health & Hygiene Essentials,Alcohol Green Cross 8,33.1,1807.72
Health & Hygiene Essentials,Modess Sanitary Pads 12,1.41,2219.84
Health & Hygiene Essentials,Off! Insect Repellent 9,49.38,4579.76
Health & Hygiene Essentials,Off! Insect Repellent 10,43.91,854.08
Health & Hygiene Essentials,Alcohol Green Cross 9,15.23,4567.18
Health & Hygiene Essentials,Alcohol Green Cross 10,49.23,1968.14
Health & Hygiene Essentials,Modess Sanitary Pads 13,40.21,3229.02
Health & Hygiene Essentials,Alcohol Green Cross 11,15.37,2676.47
Health & Hygiene Essentials,Alcohol Green Cross 12,26.34,4754.89
Health & Hygiene Essentials,Modess Sanitary Pads 14,47.84,2596.46
Health & Hygiene Essentials,Off! Insect Repellent 11,8.36,753.53
Health & Hygiene Essentials,Off! Insect Repellent 12,21.39,4509.28
Health & Hygiene Essentials,Modess Sanitary Pads 15,46.81,4034.33
Health & Hygiene Essentials,Modess Sanitary Pads 16,27.11,1005.14
Health & Hygiene Essentials,Off! Insect Repellent 13,1.02,1859.19
Health & Hygiene Essentials,Modess Sanitary Pads 17,42.66,2302.98
Health & Hygiene Essentials,Off! Insect Repellent 14,44.79,3218.42
Health & Hygiene Essentials,Off! Insect Repellent 15,6.34,3356.1
Health & Hygiene Essentials,Alcohol Green Cross 13,10.13,487.49
Health & Hygiene Essentials,Alcohol Green Cross 14,6.46,2979.54
Health & Hygiene Essentials,Off! Insect Repellent 16,9.66,714.08
Health & Hygiene Essentials,Off! Insect Repellent 17,7.4,2193.12
Health & Hygiene Essentials,Off! Insect Repellent 18,38.41,3272.65
Health & Hygiene Essentials,Off! Insect Repellent 19,18.58,300.81
Health & Hygiene Essentials,Alcohol Green Cross 15,43.7,1658.08
Health & Hygiene Essentials,Modess Sanitary Pads 18,12.72,1395.66
Health & Hygiene Essentials,Modess Sanitary Pads 19,19.03,913.17
Health & Hygiene Essentials,Modess Sanitary Pads 20,30.91,4126.88
Health & Hygiene Essentials,Modess Sanitary Pads 21,30.75,4499.62
Health and Beauty,Palmolive Shampoo,45.09,312.71
Health and Beauty,Safeguard Soap,20.59,3510.14
Health and Beauty,Pond’s Facial Wash,42.43,39.44
Health and Beauty,Palmolive Shampoo 2,40.12,3302.89
Health and Beauty,Palmolive Shampoo 3,10.38,2683.22
Health and Beauty,Palmolive Shampoo 4,46.32,4811.76
Health and Beauty,Safeguard Soap 2,5.41,2216.33
Health and Beauty,Pond’s Facial Wash 2,43.39,1044.95
Health and Beauty,Pond’s Facial Wash 3,33.72,101.28
Health and Beauty,Safeguard Soap 3,4.21,3907.52
Health and Beauty,Safeguard Soap 4,47.07,1635.41
Health and Beauty,Palmolive Shampoo 5,16.64,1224.39
Health and Beauty,Pond’s Facial Wash 4,22.98,4085.01
Health and Beauty,Safeguard Soap 5,41.83,3838.55
Health and Beauty,Safeguard Soap 6,25.68,2391.29
Health and Beauty,Safeguard Soap 7,23.25,2698.23
Health and Beauty,Palmolive Shampoo 6,5.19,2213.26
Health and Beauty,Palmolive Shampoo 7,1.82,4906.97
Health and Beauty,Palmolive Shampoo 8,47.62,4849.6
Health and Beauty,Pond’s Facial Wash 5,16.95,2421.07
Health and Beauty,Palmolive Shampoo 9,21.37,2498.17
Health and Beauty,Safeguard Soap 8,22.23,384.67
Health and Beauty,Safeguard Soap 9,10.06,4375.2
Health and Beauty,Palmolive Shampoo 10,14.84,2921.87
Health and Beauty,Safeguard Soap 10,20.49,999.24
Health and Beauty,Pond’s Facial Wash 6,7.37,2354.26
Health and Beauty,Palmolive Shampoo 11,18.53,4445.91
Health and Beauty,Palmolive Shampoo 12,4.7,4671.17
Health and Beauty,Safeguard Soap 11,13.52,3991.84
Health and Beauty,Palmolive Shampoo 13,16.74,53.59
Health and Beauty,Safeguard Soap 12,4.56,3231.6
Health and Beauty,Palmolive Shampoo 14,31.58,1631.53
Health and Beauty,Safeguard Soap 13,49.46,453.61
Health and Beauty,Pond’s Facial Wash 7,39.77,1655.82
Health and Beauty,Pond’s Facial Wash 8,2.6,2705.22
Health and Beauty,Pond’s Facial Wash 9,44.57,1783.83
Health and Beauty,Pond’s Facial Wash 10,15.51,2311.58
Health and Beauty,Safeguard Soap 14,10.1,1852.88
Health and Beauty,Pond’s Facial Wash 11,1.32,712.96
Health and Beauty,Safeguard Soap 15,43.18,1108.9
Health and Beauty,Safeguard Soap 16,33.77,2872.65
Health and Beauty,Safeguard Soap 17,46.52,1553.04
Health and Beauty,Safeguard Soap 18,18.94,2677.4
Health and Beauty,Safeguard Soap 19,39.82,2425.63
Health and Beauty,Pond’s Facial Wash 12,17.14,2846.89
Health and Beauty,Safeguard Soap 20,21.73,4865.01
Health and Beauty,Pond’s Facial Wash 13,8.07,647.27
Health and Beauty,Safeguard Soap 21,6.05,455.67
Health and Beauty,Pond’s Facial Wash 14,12.1,202.49
Health and Beauty,Palmolive Shampoo 15,18.38,479.68
Health and Beauty,Pond’s Facial Wash 15,45.23,139.58
Health and Beauty,Pond’s Facial Wash 16,21.97,2350.44
Health and Beauty,Palmolive Shampoo 16,32.71,409.7
Health and Beauty,Pond’s Facial Wash 17,8.57,206.05
Health and Beauty,Pond’s Facial Wash 18,38.96,4501.37
Health and Beauty,Safeguard Soap 22,3.2,3874.17
Health and Beauty,Safeguard Soap 23,13.36,2060.51
Health and Beauty,Palmolive Shampoo 17,9.67,1617.51
Health and Beauty,Palmolive Shampoo 18,46.28,3607.65
Health and Beauty,Safeguard Soap 24,17.69,1394.16
Health and Beauty,Palmolive Shampoo 19,3.87,2410.76
Health and Beauty,Safeguard Soap 25,31.82,4457.16
Health and Beauty,Safeguard Soap 26,32.44,2849.43
Health and Beauty,Pond’s Facial Wash 19,22.23,2138.19
Home Appliances & Essentials,Asahi Electric Fan,44.62,2110.65
Home Appliances & Essentials,Asahi Electric Fan 2,30.55,2863.26
Home Appliances & Essentials,Asahi Electric Fan 3,48.23,743.16
Home Appliances & Essentials,Kyowa Blender,10.4,2643.79
Home Appliances & Essentials,Kyowa Blender 2,25.77,2549.06
Home Appliances & Essentials,Hanabishi Rice Cooker,31.46,1538.61
Home Appliances & Essentials,Asahi Electric Fan 4,27.92,2769.74
Home Appliances & Essentials,Asahi Electric Fan 5,23.44,3767.04
Home Appliances & Essentials,Asahi Electric Fan 6,7.87,272.7
Home Appliances & Essentials,Hanabishi Rice Cooker 2,16.25,2487.3
Home Appliances & Essentials,Kyowa Blender 3,16.17,509.85
Home Appliances & Essentials,Asahi Electric Fan 7,48.32,4150.85
Home Appliances & Essentials,Hanabishi Rice Cooker 3,38.5,895.49
Home Appliances & Essentials,Asahi Electric Fan 8,38.79,3403.19
Home Appliances & Essentials,Asahi Electric Fan 9,11.71,131.22
Home Appliances & Essentials,Asahi Electric Fan 10,46.08,1984.25
Home Appliances & Essentials,Asahi Electric Fan 11,41.4,1743.58
Home Appliances & Essentials,Hanabishi Rice Cooker 4,11.12,1195.25
Home Appliances & Essentials,Kyowa Blender 4,32.13,2810.61
Home Appliances & Essentials,Kyowa Blender 5,38.74,1011.17
Home Appliances & Essentials,Hanabishi Rice Cooker 5,32.72,4715.52
Home Appliances & Essentials,Hanabishi Rice Cooker 6,2.8,4391.93
Home Appliances & Essentials,Asahi Electric Fan 12,44.04,670.68
Home Appliances & Essentials,Kyowa Blender 6,23.27,1246.03
Home Appliances & Essentials,Hanabishi Rice Cooker 7,2.0,815.03
Home Appliances & Essentials,Asahi Electric Fan 13,14.22,2351.1
Home Appliances & Essentials,Hanabishi Rice Cooker 8,18.41,3384.83
Home Appliances & Essentials,Hanabishi Rice Cooker 9,3.68,3418.1
Home Appliances & Essentials,Kyowa Blender 7,8.39,1862.23
Home Appliances & Essentials,Kyowa Blender 8,41.07,2125.77
Home Appliances & Essentials,Hanabishi Rice Cooker 10,35.25,1940.67
Home Appliances & Essentials,Kyowa Blender 9,47.8,1270.46
Home Appliances & Essentials,Hanabishi Rice Cooker 11,19.76,3123.99
Home Appliances & Essentials,Kyowa Blender 10,29.05,280.84
Home Appliances & Essentials,Kyowa Blender 11,20.96,3550.13
Home Appliances & Essentials,Asahi Electric Fan 14,47.21,3118.51
Home Appliances & Essentials,Kyowa Blender 12,45.46,966.67
Home Appliances & Essentials,Hanabishi Rice Cooker 12,40.73,1720.65
Home Appliances & Essentials,Hanabishi Rice Cooker 13,5.04,1296.25
Home Appliances & Essentials,Hanabishi Rice Cooker 14,46.95,3634.29
Home Appliances & Essentials,Kyowa Blender 13,4.04,3928.57
Home Appliances & Essentials,Asahi Electric Fan 15,10.62,3287.46
Home Appliances & Essentials,Asahi Electric Fan 16,37.23,2710.52
Home Appliances & Essentials,Kyowa Blender 14,15.89,1856.83
Home Appliances & Essentials,Kyowa Blender 15,45.07,1945.34
Home Appliances & Essentials,Hanabishi Rice Cooker 15,48.89,3731.44
Home Appliances & Essentials,Kyowa Blender 16,34.0,1188.17
Home Appliances & Essentials,Kyowa Blender 17,14.73,1898.57
Home Appliances & Essentials,Hanabishi Rice Cooker 16,27.92,4978.69
Home Care,Zonrox Bleach,49.97,413.06
Home Care,Zonrox Bleach 2,18.9,503.92
Home Care,Mr. Muscle Cleaner,18.82,1995.14
Home Care,Mr. Muscle Cleaner 2,42.45,3716.32
Home Care,Zonrox Bleach 3,6.46,2118.32
Home Care,Zonrox Bleach 4,0.53,193.23
Home Care,Surf Detergent Powder,3.53,4998.58
Home Care,Mr. Muscle Cleaner 3,27.47,1014.61
Home Care,Zonrox Bleach 5,17.17,3870.85
Home Care,Surf Detergent Powder 2,25.99,2469.55
Home Care,Zonrox Bleach 6,47.78,3981.25
Home Care,Surf Detergent Powder 3,0.56,350.44
Home Care,Mr. Muscle Cleaner 4,17.46,850.24
Home Care,Surf Detergent Powder 4,39.52,369.76
Home Care,Zonrox Bleach 7,21.52,4009.45
Home Care,Zonrox Bleach 8,47.41,1352.45
Home Care,Zonrox Bleach 9,16.02,2098.73
Home Care,Mr. Muscle Cleaner 5,26.55,2966.03
Home Care,Mr. Muscle Cleaner 6,4.66,299.16
Home Care,Zonrox Bleach 10,13.42,4619.6
Home Care,Surf Detergent Powder 5,15.97,3564.02
Home Care,Zonrox Bleach 11,40.66,2966.71
Home Care,Surf Detergent Powder 6,3.2,1084.54
Home Care,Surf Detergent Powder 7,5.36,892.05
Home Care,Zonrox Bleach 12,15.52,1168.99
Home Care,Mr. Muscle Cleaner 7,42.22,2520.64
Home Care,Mr. Muscle Cleaner 8,8.09,1576.62
Home Care,Mr. Muscle Cleaner 9,32.72,2147.74
Home Care,Mr. Muscle Cleaner 10,23.56,1319.52
Home Care,Surf Detergent Powder 8,13.57,795.5
Home Care,Zonrox Bleach 13,24.51,4457.05
Home Care,Zonrox Bleach 14,37.95,3348.29
Home Care,Surf Detergent Powder 9,9.48,2348.24
Home Care,Surf Detergent Powder 10,43.32,1363.23
Home Care,Zonrox Bleach 15,26.03,1648.3
Home Care,Mr. Muscle Cleaner 11,1.33,3927.14
Home Care,Surf Detergent Powder 11,36.38,2274.09
Home Care,Zonrox Bleach 16,27.13,4406.1
Home Care,Surf Detergent Powder 12,40.45,1164.82
Home Care,Zonrox Bleach 17,49.7,154.03
Home Care,Mr. Muscle Cleaner 12,17.14,65.63
Home Care,Zonrox Bleach 18,13.01,3998.77
Home Care,Surf Detergent Powder 13,24.63,4059.55
Home Care,Mr. Muscle Cleaner 13,15.31,4546.83
Home Care,Zonrox Bleach 19,27.97,2546.9
Home Care,Surf Detergent Powder 14,4.88,3303.55
Home Care,Zonrox Bleach 20,40.6,3381.12
Home Care,Zonrox Bleach 21,42.08,1378.04
Home Care,Zonrox Bleach 22,35.94,1394.95
Home Care,Mr. Muscle Cleaner 14,36.47,2870.8
Home Care,Surf Detergent Powder 15,40.19,252.26
Home Care,Zonrox Bleach 23,25.6,1625.4
Home Care,Zonrox Bleach 24,39.91,2700.03
Home Care,Surf Detergent Powder 16,11.58,4452.67
Home Care,Mr. Muscle Cleaner 15,19.69,4179.09
Home Care,Zonrox Bleach 25,10.64,1368.47
Home Care,Zonrox Bleach 26,40.38,3785.7
Home Care,Zonrox Bleach 27,1.57,3830.75
Home Care,Zonrox Bleach 28,44.22,2814.2
Home Care,Mr. Muscle Cleaner 16,2.44,2283.33
International Goods,Oreo Cookies,1.2,3827.79
International Goods,Oreo Cookies 2,24.89,4840.99
International Goods,Nutella Chocolate Spread,7.28,4446.43
International Goods,Nutella Chocolate Spread 2,39.93,434.42
International Goods,Nutella Chocolate Spread 3,37.52,1007.31
International Goods,Oreo Cookies 3,37.54,3281.98
International Goods,Nutella Chocolate Spread 4,49.41,2339.29
International Goods,Nutella Chocolate Spread 5,14.73,2542.61
International Goods,Oreo Cookies 4,28.32,154.39
International Goods,Kikkoman Soy Sauce,0.8,2094.57
International Goods,Nutella Chocolate Spread 6,39.45,2135.68
International Goods,Oreo Cookies 5,15.05,2788.81
International Goods,Nutella Chocolate Spread 7,36.7,2890.99
International Goods,Kikkoman Soy Sauce 2,45.22,1743.45
International Goods,Nutella Chocolate Spread 8,11.62,219.29
International Goods,Nutella Chocolate Spread 9,41.7,735.73
International Goods,Kikkoman Soy Sauce 3,3.75,2254.79
International Goods,Nutella Chocolate Spread 10,13.18,4165.27
International Goods,Nutella Chocolate Spread 11,34.84,4816.48
International Goods,Oreo Cookies 6,2.99,2030.88
International Goods,Nutella Chocolate Spread 12,34.67,1560.95
International Goods,Kikkoman Soy Sauce 4,44.11,3826.69
International Goods,Oreo Cookies 7,8.82,1378.33
International Goods,Oreo Cookies 8,25.43,2489.01
International Goods,Nutella Chocolate Spread 13,22.98,1563.33
International Goods,Nutella Chocolate Spread 14,34.93,234.7
International Goods,Nutella Chocolate Spread 15,17.86,1080.26
International Goods,Oreo Cookies 9,5.55,3041.13
International Goods,Oreo Cookies 10,21.3,2695.04
International Goods,Kikkoman Soy Sauce 5,47.76,2008.97
International Goods,Oreo Cookies 11,45.59,839.48
International Goods,Oreo Cookies 12,9.34,3209.24
International Goods,Kikkoman Soy Sauce 6,11.17,1058.24
International Goods,Kikkoman Soy Sauce 7,0.17,3321.68
International Goods,Nutella Chocolate Spread 16,40.88,2509.7
International Goods,Kikkoman Soy Sauce 8,35.93,3181.72
International Goods,Oreo Cookies 13,46.39,1913.45
International Goods,Kikkoman Soy Sauce 9,12.76,1653.99
International Goods,Kikkoman Soy Sauce 10,5.55,2539.03
International Goods,Nutella Chocolate Spread 17,2.63,97.59
International Goods,Oreo Cookies 14,28.16,2556.13
International Goods,Nutella Chocolate Spread 18,28.73,1604.06
International Goods,Oreo Cookies 15,29.42,446.06
International Goods,Nutella Chocolate Spread 19,6.18,708.56
International Goods,Oreo Cookies 16,36.42,1283.66
International Goods,Kikkoman Soy Sauce 11,0.51,3816.15
International Goods,Kikkoman Soy Sauce 12,8.85,4305.83
International Goods,Kikkoman Soy Sauce 13,3.22,613.85
International Goods,Nutella Chocolate Spread 20,45.31,3009.58
International Goods,Nutella Chocolate Spread 21,40.89,4597.75
International Goods,Kikkoman Soy Sauce 14,1.14,4341.55
International Goods,Oreo Cookies 17,21.54,396.14
International Goods,Kikkoman Soy Sauce 15,26.97,2212.51
International Goods,Kikkoman Soy Sauce 16,19.45,4871.61
International Goods,Oreo Cookies 18,2.92,3460.0
International Goods,Nutella Chocolate Spread 22,47.34,1953.83
International Goods,Oreo Cookies 19,13.53,4954.71
International Goods,Nutella Chocolate Spread 23,21.06,4385.29
International Goods,Kikkoman Soy Sauce 17,31.52,281.67
International Goods,Nutella Chocolate Spread 24,0.58,3888.41
International Goods,Nutella Chocolate Spread 25,42.4,3076.01
International Goods,Nutella Chocolate Spread 26,48.04,4715.46
International Goods,Oreo Cookies 20,13.72,2269.11
International Goods,Kikkoman Soy Sauce 18,47.4,4707.16
Pantry,Silver Swan Soy Sauce,2.87,2013.21
Pantry,Datu Puti Vinegar,42.63,2046.21
Pantry,Datu Puti Vinegar 2,9.02,2276.33
Pantry,Mega Sardines,18.8,3116.92
Pantry,Mega Sardines 2,11.27,4094.83
Pantry,Datu Puti Vinegar 3,31.76,3581.02
Pantry,Mega Sardines 3,42.65,2122.59
Pantry,Mega Sardines 4,32.84,293.05
Pantry,Mega Sardines 5,18.97,3344.2
Pantry,Mega Sardines 6,30.59,746.78
Pantry,Datu Puti Vinegar 4,25.32,2130.3
Pantry,Silver Swan Soy Sauce 2,25.77,3726.94
Pantry,Datu Puti Vinegar 5,31.39,1468.05
Pantry,Mega Sardines 7,1.63,1215.7
Pantry,Mega Sardines 8,6.84,4405.12
Pantry,Datu Puti Vinegar 6,2.06,3575.83
Pantry,Silver Swan Soy Sauce 3,29.83,480.08
Pantry,Mega Sardines 9,9.25,4220.19
Pantry,Silver Swan Soy Sauce 4,25.47,4282.26
Pantry,Silver Swan Soy Sauce 5,43.15,3961.0
Pantry,Datu Puti Vinegar 7,1.87,2323.18
Pantry,Silver Swan Soy Sauce 6,45.75,2291.56
Pantry,Datu Puti Vinegar 8,14.86,4109.73
Pantry,Mega Sardines 10,14.14,2043.33
Pantry,Datu Puti Vinegar 9,25.39,3290.07
Pantry,Mega Sardines 11,14.68,1830.53
Pantry,Datu Puti Vinegar 10,6.66,618.98
Pantry,Silver Swan Soy Sauce 7,39.67,1254.91
Pantry,Silver Swan Soy Sauce 8,39.59,3775.04
Pantry,Silver Swan Soy Sauce 9,25.41,556.76
Pantry,Datu Puti Vinegar 11,35.89,1530.25
Pantry,Silver Swan Soy Sauce 10,34.12,1048.0
Pantry,Mega Sardines 12,28.54,251.07
Pantry,Datu Puti Vinegar 12,17.45,3118.76
Pantry,Datu Puti Vinegar 13,11.07,2221.81
Pantry,Mega Sardines 13,48.42,1138.6
Pantry,Mega Sardines 14,44.26,3317.8
Pantry,Datu Puti Vinegar 14,13.67,2094.13
Pantry,Mega Sardines 15,36.85,3346.34
Pantry,Silver Swan Soy Sauce 11,4.6,704.07
Pantry,Silver Swan Soy Sauce 12,41.31,1318.53
Pantry,Mega Sardines 16,4.5,910.34
Pantry,Datu Puti Vinegar 15,33.95,921.71
Pantry,Mega Sardines 17,44.22,2872.79
Pantry,Datu Puti Vinegar 16,7.33,4779.07
Pantry,Silver Swan Soy Sauce 13,17.37,1902.12
Pantry,Datu Puti Vinegar 17,48.54,1415.12
Pantry,Silver Swan Soy Sauce 14,26.48,758.13
Pantry,Datu Puti Vinegar 18,33.83,2901.08
Pantry,Mega Sardines 18,33.19,4839.01
Pantry,Silver Swan Soy Sauce 15,4.89,2061.16
Pantry,Mega Sardines 19,12.66,3721.27
Pantry,Silver Swan Soy Sauce 16,4.35,3762.17
Pantry,Mega Sardines 20,47.65,2625.52
Pantry,Datu Puti Vinegar 19,26.97,2301.35
Pantry,Silver Swan Soy Sauce 17,13.79,872.72
Pet Care,Vitapet Fish Flakes,31.51,4382.57
Pet Care,Pedigree Dog Food,5.8,2329.63
Pet Care,Pedigree Dog Food 2,0.82,922.83
Pet Care,Vitapet Fish Flakes 2,39.45,4397.28
Pet Care,Vitapet Fish Flakes 3,31.34,1867.82
Pet Care,Pedigree Dog Food 3,30.24,3732.51
Pet Care,Vitapet Fish Flakes 4,6.2,1576.62
Pet Care,Vitapet Fish Flakes 5,23.39,839.44
Pet Care,Whiskas Cat Food,16.1,3625.94
Pet Care,Pedigree Dog Food 4,43.25,3047.87
Pet Care,Whiskas Cat Food 2,6.4,4036.4
Pet Care,Pedigree Dog Food 5,3.0,2706.13
Pet Care,Whiskas Cat Food 3,13.4,1634.26
Pet Care,Pedigree Dog Food 6,4.58,1902.89
Pet Care,Whiskas Cat Food 4,28.77,4347.18
Pet Care,Whiskas Cat Food 5,44.06,2335.6
Pet Care,Pedigree Dog Food 7,48.65,853.57
Pet Care,Vitapet Fish Flakes 6,17.76,4800.18
Pet Care,Vitapet Fish Flakes 7,7.4,4066.53
Pet Care,Vitapet Fish Flakes 8,27.47,2138.62
Pet Care,Vitapet Fish Flakes 9,49.73,3980.33
Pet Care,Pedigree Dog Food 8,41.43,2466.49
Pet Care,Vitapet Fish Flakes 10,26.51,1532.65
Pet Care,Pedigree Dog Food 9,38.89,3424.23
Pet Care,Whiskas Cat Food 6,35.56,710.91
Pet Care,Vitapet Fish Flakes 11,21.42,3540.6
Pet Care,Whiskas Cat Food 7,46.6,259.38
Pet Care,Whiskas Cat Food 8,44.9,1126.92
Pet Care,Whiskas Cat Food 9,45.25,847.87
Pet Care,Whiskas Cat Food 10,6.44,4187.54
Pet Care,Whiskas Cat Food 11,29.37,584.78
Pet Care,Vitapet Fish Flakes 12,28.19,3117.32
Pet Care,Pedigree Dog Food 10,10.36,463.59
Pet Care,Pedigree Dog Food 11,4.3,849.05
Pet Care,Whiskas Cat Food 12,49.18,3278.61
Pet Care,Vitapet Fish Flakes 13,40.67,4402.15
Pet Care,Whiskas Cat Food 13,46.82,1418.44
Pet Care,Whiskas Cat Food 14,2.75,802.38
Pet Care,Whiskas Cat Food 15,36.16,1163.66
Pet Care,Pedigree Dog Food 12,41.22,861.27
Pet Care,Pedigree Dog Food 13,40.84,2479.04
Pet Care,Whiskas Cat Food 16,25.5,2763.13
Pet Care,Whiskas Cat Food 17,25.34,4167.59
Pet Care,Pedigree Dog Food 14,3.62,913.06
Pet Care,Whiskas Cat Food 18,18.03,3199.43
Pet Care,Vitapet Fish Flakes 14,23.83,1046.15
Pet Care,Vitapet Fish Flakes 15,27.93,1079.35
Pet Care,Pedigree Dog Food 15,17.84,2599.08
Pet Care,Whiskas Cat Food 19,38.56,4857.66
Pet Care,Vitapet Fish Flakes 16,25.69,160.42
Ready to Cook,Del Monte Caldereta Mix,25.5,650.44
Ready to Cook,Ajinomoto Crispy Fry,31.59,2264.08
Ready to Cook,Del Monte Caldereta Mix 2,8.49,1314.73
Ready to Cook,Mama Sita’s BBQ Marinade,14.99,1971.1
Ready to Cook,Ajinomoto Crispy Fry 2,48.29,2805.26
Ready to Cook,Ajinomoto Crispy Fry 3,2.11,635.44
Ready to Cook,Del Monte Caldereta Mix 3,9.61,2833.46
Ready to Cook,Mama Sita’s BBQ Marinade 2,31.4,1640.57
Ready to Cook,Del Monte Caldereta Mix 4,35.11,3762.78
Ready to Cook,Del Monte Caldereta Mix 5,21.0,2245.21
Ready to Cook,Del Monte Caldereta Mix 6,10.84,4832.93
Ready to Cook,Mama Sita’s BBQ Marinade 3,44.95,1619.55
Ready to Cook,Del Monte Caldereta Mix 7,28.3,953.01
Ready to Cook,Del Monte Caldereta Mix 8,6.11,964.52
Ready to Cook,Ajinomoto Crispy Fry 4,23.29,3009.84
Ready to Cook,Mama Sita’s BBQ Marinade 4,25.78,1111.8
Ready to Cook,Ajinomoto Crispy Fry 5,48.06,3501.84
Ready to Cook,Del Monte Caldereta Mix 9,49.2,419.3
Ready to Cook,Mama Sita’s BBQ Marinade 5,14.29,1490.16
Ready to Cook,Del Monte Caldereta Mix 10,30.13,4446.83
Ready to Cook,Ajinomoto Crispy Fry 6,2.44,2445.46
Ready to Cook,Ajinomoto Crispy Fry 7,43.22,4068.67
Ready to Cook,Del Monte Caldereta Mix 11,1.12,1287.54
Ready to Cook,Mama Sita’s BBQ Marinade 6,1.75,1938.71
Ready to Cook,Mama Sita’s BBQ Marinade 7,12.62,2497.5
Ready to Cook,Ajinomoto Crispy Fry 8,40.13,4376.15
Ready to Cook,Del Monte Caldereta Mix 12,28.17,4331.74
Ready to Cook,Del Monte Caldereta Mix 13,44.57,4292.55
Ready to Cook,Ajinomoto Crispy Fry 9,46.11,3751.63
Ready to Cook,Mama Sita’s BBQ Marinade 8,7.64,360.35
Ready to Cook,Del Monte Caldereta Mix 14,4.03,2490.65
Ready to Cook,Del Monte Caldereta Mix 15,25.71,264.13
Ready to Cook,Del Monte Caldereta Mix 16,45.21,1750.62
Ready to Cook,Ajinomoto Crispy Fry 10,6.7,3670.26
Ready to Cook,Ajinomoto Crispy Fry 11,24.88,1892.77
Ready to Cook,Del Monte Caldereta Mix 17,48.83,2368.57
Ready to Cook,Del Monte Caldereta Mix 18,11.99,1513.89
Ready to Cook,Ajinomoto Crispy Fry 12,39.28,1094.96
Ready to Cook,Del Monte Caldereta Mix 19,42.31,2384.91
Ready to Cook,Ajinomoto Crispy Fry 13,24.26,3928.16
Ready to Cook,Mama Sita’s BBQ Marinade 9,8.34,493.21
Ready to Cook,Mama Sita’s BBQ Marinade 10,29.04,4064.55
Ready to Heat & Eat Items,Purefoods Corned Beef,47.96,1800.41
Ready to Heat & Eat Items,Purefoods Corned Beef 2,29.98,1830.78
Ready to Heat & Eat Items,CDO Karne Norte,32.92,647.05
Ready to Heat & Eat Items,Purefoods Corned Beef 3,10.2,856.06
Ready to Heat & Eat Items,San Marino Tuna Paella,12.28,3055.48
Ready to Heat & Eat Items,San Marino Tuna Paella 2,9.71,3173.87
Ready to Heat & Eat Items,Purefoods Corned Beef 4,13.41,530.33
Ready to Heat & Eat Items,San Marino Tuna Paella 3,4.49,2920.0
Ready to Heat & Eat Items,San Marino Tuna Paella 4,26.17,4489.33
Ready to Heat & Eat Items,CDO Karne Norte 2,46.23,1141.59
Ready to Heat & Eat Items,Purefoods Corned Beef 5,33.4,4054.28
Ready to Heat & Eat Items,CDO Karne Norte 3,17.41,1869.82
Ready to Heat & Eat Items,CDO Karne Norte 4,3.55,3087.67
Ready to Heat & Eat Items,San Marino Tuna Paella 5,30.94,1169.75
Ready to Heat & Eat Items,CDO Karne Norte 5,14.46,4937.51
Ready to Heat & Eat Items,San Marino Tuna Paella 6,41.11,4109.99
Ready to Heat & Eat Items,Purefoods Corned Beef 6,11.67,1440.09
Ready to Heat & Eat Items,San Marino Tuna Paella 7,4.89,1638.01
Ready to Heat & Eat Items,CDO Karne Norte 6,26.88,220.23
Ready to Heat & Eat Items,Purefoods Corned Beef 7,7.38,491.73
Ready to Heat & Eat Items,San Marino Tuna Paella 8,21.02,2067.77
Ready to Heat & Eat Items,San Marino Tuna Paella 9,39.1,4815.81
Ready to Heat & Eat Items,San Marino Tuna Paella 10,25.95,2078.58
Ready to Heat & Eat Items,San Marino Tuna Paella 11,8.46,645.99
Ready to Heat & Eat Items,CDO Karne Norte 7,39.4,2178.8
Ready to Heat & Eat Items,CDO Karne Norte 8,39.16,2907.93
Ready to Heat & Eat Items,CDO Karne Norte 9,16.59,1279.61
Ready to Heat & Eat Items,San Marino Tuna Paella 12,1.94,45.14
Ready to Heat & Eat Items,San Marino Tuna Paella 13,40.41,4141.3
Ready to Heat & Eat Items,Purefoods Corned Beef 8,22.81,1241.71
Ready to Heat & Eat Items,Purefoods Corned Beef 9,25.75,3224.02
Ready to Heat & Eat Items,CDO Karne Norte 10,10.48,2583.82
Ready to Heat & Eat Items,San Marino Tuna Paella 14,30.98,4444.76
Ready to Heat & Eat Items,CDO Karne Norte 11,23.93,4330.33
Ready to Heat & Eat Items,Purefoods Corned Beef 10,6.73,4916.3
Ready to Heat & Eat Items,CDO Karne Norte 12,44.92,20.26
Ready to Heat & Eat Items,San Marino Tuna Paella 15,2.73,3767.77
Ready to Heat & Eat Items,CDO Karne Norte 13,24.94,4711.72
Ready to Heat & Eat Items,CDO Karne Norte 14,0.36,3598.98
Ready to Heat & Eat Items,CDO Karne Norte 15,35.52,1370.94
Ready to Heat & Eat Items,Purefoods Corned Beef 11,36.01,2532.9
Snacks,Oishi Prawn Crackers,27.84,1978.23
Snacks,Oishi Prawn Crackers 2,31.26,4787.52
Snacks,Oishi Prawn Crackers 3,19.61,3254.72
Snacks,Chippy BBQ,14.2,2583.09
Snacks,Chippy BBQ 2,24.41,742.99
Snacks,Jack ‘n Jill Piattos,11.54,1837.52
Snacks,Jack ‘n Jill Piattos 2,3.1,1385.82
Snacks,Chippy BBQ 3,32.91,1516.95
Snacks,Jack ‘n Jill Piattos 3,29.48,1969.97
Snacks,Chippy BBQ 4,31.05,1669.47
Snacks,Chippy BBQ 5,13.52,1311.84
Snacks,Jack ‘n Jill Piattos 4,18.73,2923.08
Snacks,Jack ‘n Jill Piattos 5,24.5,62.99
Snacks,Oishi Prawn Crackers 4,45.78,4575.5
Snacks,Oishi Prawn Crackers 5,43.3,4497.21
Snacks,Chippy BBQ 6,6.59,487.06
Snacks,Oishi Prawn Crackers 6,0.18,1997.62
Snacks,Chippy BBQ 7,48.31,3475.88
Snacks,Chippy BBQ 8,43.87,1785.61
Snacks,Jack ‘n Jill Piattos 6,40.17,1849.25
Snacks,Jack ‘n Jill Piattos 7,3.19,4923.43
Snacks,Oishi Prawn Crackers 7,9.39,2161.28
Snacks,Jack ‘n Jill Piattos 8,26.04,1695.73
Snacks,Jack ‘n Jill Piattos 9,32.68,1128.8
Snacks,Oishi Prawn Crackers 8,22.71,1737.4
Snacks,Oishi Prawn Crackers 9,41.27,2945.72
Snacks,Chippy BBQ 9,45.04,4186.19
Snacks,Oishi Prawn Crackers 10,19.8,2905.83
Snacks,Jack ‘n Jill Piattos 10,39.71,1354.75
Snacks,Jack ‘n Jill Piattos 11,28.7,3847.79
Snacks,Jack ‘n Jill Piattos 12,30.04,979.59
Snacks,Oishi Prawn Crackers 11,1.51,536.43
Snacks,Jack ‘n Jill Piattos 13,43.56,86.22
Snacks,Oishi Prawn Crackers 12,0.96,4018.52
Snacks,Jack ‘n Jill Piattos 14,19.67,3173.79
Snacks,Jack ‘n Jill Piattos 15,38.4,1472.25
Snacks,Oishi Prawn Crackers 13,45.99,4833.51
Snacks,Jack ‘n Jill Piattos 16,22.6,1507.0
Snacks,Chippy BBQ 10,5.23,3822.92
Snacks,Chippy BBQ 11,28.48,309.62
Snacks,Chippy BBQ 12,6.14,1243.21
Snacks,Oishi Prawn Crackers 14,22.7,2731.55
Snacks,Chippy BBQ 13,23.45,2720.45
Snacks,Oishi Prawn Crackers 15,19.32,708.26
Snacks,Jack ‘n Jill Piattos 17,12.22,1013.89
Snacks,Oishi Prawn Crackers 16,7.04,3254.66
Snacks,Jack ‘n Jill Piattos 18,45.4,3070.68
Snacks,Oishi Prawn Crackers 17,19.12,1794.46
Snacks,Jack ‘n Jill Piattos 19,38.8,739.29
Snacks,Chippy BBQ 14,32.42,2488.91
Snacks,Jack ‘n Jill Piattos 20,11.36,1091.02
Snacks,Oishi Prawn Crackers 18,47.23,1791.49
Snacks,Jack ‘n Jill Piattos 21,37.02,1473.82
Snacks,Jack ‘n Jill Piattos 22,44.28,2680.07
Snacks,Oishi Prawn Crackers 19,12.22,2974.91
Snacks,Oishi Prawn Crackers 20,19.41,4569.31
Snacks,Oishi Prawn Crackers 21,12.41,2728.57
Snacks,Jack ‘n Jill Piattos 23,19.78,3398.91
Snacks,Oishi Prawn Crackers 22,24.65,1960.63
